{
    "V05261A": {
        "3300.0": {
            ">1MeV": {
                "mu_pos": 0.47052181700175966,
                "mu_pos_err": 9.492301796702479e-05,
                "sigma_pos": 0.019099213549375826,
                "sigma_pos_err": 0.00043152683594746024,
                "width_half_diff": 0.1335775364377755,
                "width_quarter_diff": 0.5318957744367523,
                "width_eighth_diff": 1.6960383676692554
            },
            "1-1.4MeV": {
                "mu_pos": 0.4719451618216192,
                "mu_pos_err": 0.00025352332281962527,
                "sigma_pos": 0.021234871643603093,
                "sigma_pos_err": 0.0011906042204706464,
                "width_half_diff": 0.08530332969653198,
                "width_quarter_diff": 0.1545513272404826,
                "width_eighth_diff": 0.6730590340309001
            },
            "1.7-2MeV": {
                "mu_pos": 0.47036656265954807,
                "mu_pos_err": 0.00015158995325206345,
                "sigma_pos": 0.018138776139342463,
                "sigma_pos_err": 0.0006446478174865426,
                "width_half_diff": 0.12700548142584656,
                "width_quarter_diff": 0.27884943157652525,
                "width_eighth_diff": 1.7207971451855228
            }
        },
        "3250.0": {
            ">1MeV": {
                "mu_pos": 0.4677223424633427,
                "mu_pos_err": 0.00010860708433027325,
                "sigma_pos": 0.019171250660976923,
                "sigma_pos_err": 0.0004606223881926365,
                "width_half_diff": 0.1256420627889286,
                "width_quarter_diff": 0.5301101223535243,
                "width_eighth_diff": 1.7043349599319944
            },
            "1-1.4MeV": {
                "mu_pos": 0.468936725684942,
                "mu_pos_err": 0.00018394190632701172,
                "sigma_pos": 0.02135665614200387,
                "sigma_pos_err": 0.0007241559989411358,
                "width_half_diff": 0.06432052687428551,
                "width_quarter_diff": 0.12665303337171321,
                "width_eighth_diff": 0.443012915721164
            },
            "1.7-2MeV": {
                "mu_pos": 0.46792937366425763,
                "mu_pos_err": 0.00015480856584717173,
                "sigma_pos": 0.016493558509060192,
                "sigma_pos_err": 0.0007169527884730176,
                "width_half_diff": 0.10753770314849327,
                "width_quarter_diff": 0.3262607413980085,
                "width_eighth_diff": 1.6238732256457789
            }
        },
        "3200.0": {
            ">1MeV": {
                "mu_pos": 0.464672408492133,
                "mu_pos_err": 9.294820076533782e-05,
                "sigma_pos": 0.01961120390926143,
                "sigma_pos_err": 0.00043338636169449566,
                "width_half_diff": 0.1589550057943133,
                "width_quarter_diff": 0.6201482496745594,
                "width_eighth_diff": 1.7235310607737915
            },
            "1-1.4MeV": {
                "mu_pos": 0.46638386133994975,
                "mu_pos_err": 0.0001597288372672997,
                "sigma_pos": 0.02214949065296909,
                "sigma_pos_err": 0.0006479209692482344,
                "width_half_diff": 0.05838788167713789,
                "width_quarter_diff": 0.15213869218001327,
                "width_eighth_diff": 0.8404821879206488
            },
            "1.7-2MeV": {
                "mu_pos": 0.46456306936141833,
                "mu_pos_err": 0.00016592893840208661,
                "sigma_pos": 0.017138350159179496,
                "sigma_pos_err": 0.000725428482210699,
                "width_half_diff": 0.11765092305867984,
                "width_quarter_diff": 0.36295301554788456,
                "width_eighth_diff": 1.5368753244647637
            }
        },
        "3150.0": {
            ">1MeV": {
                "mu_pos": 0.46176693734175334,
                "mu_pos_err": 9.25127717244401e-05,
                "sigma_pos": 0.019349583040738375,
                "sigma_pos_err": 0.00043161721795368795,
                "width_half_diff": 0.15590155843603612,
                "width_quarter_diff": 0.5906594769314834,
                "width_eighth_diff": 1.7352756192973755
            },
            "1-1.4MeV": {
                "mu_pos": 0.46315558619080693,
                "mu_pos_err": 0.00020770600093650594,
                "sigma_pos": 0.0212464185391928,
                "sigma_pos_err": 0.0009513779384255342,
                "width_half_diff": 0.09058788597379748,
                "width_quarter_diff": 0.16258365487765072,
                "width_eighth_diff": 0.6932295081537089
            },
            "1.7-2MeV": {
                "mu_pos": 0.4614837495125882,
                "mu_pos_err": 0.00014066131392643144,
                "sigma_pos": 0.0174244689300252,
                "sigma_pos_err": 0.0005318513113558461,
                "width_half_diff": 0.13176660200199636,
                "width_quarter_diff": 0.2840883385842917,
                "width_eighth_diff": 1.7291069090169022
            }
        },
        "3100.0": {
            ">1MeV": {
                "mu_pos": 0.45865697937657174,
                "mu_pos_err": 9.167779210063241e-05,
                "sigma_pos": 0.018877892331881755,
                "sigma_pos_err": 0.0004226177654304478,
                "width_half_diff": 0.15062276817369016,
                "width_quarter_diff": 0.6282010173222032,
                "width_eighth_diff": 1.7409930002546707
            },
            "1-1.4MeV": {
                "mu_pos": 0.45986493922998967,
                "mu_pos_err": 0.0002025783777749997,
                "sigma_pos": 0.021573171658236044,
                "sigma_pos_err": 0.0008343879998505212,
                "width_half_diff": 0.06281215156752047,
                "width_quarter_diff": 0.13823873194306555,
                "width_eighth_diff": 0.9024446199155096
            },
            "1.7-2MeV": {
                "mu_pos": 0.4585542781479849,
                "mu_pos_err": 0.00014063875431315377,
                "sigma_pos": 0.01789727715431459,
                "sigma_pos_err": 0.0005575762260103831,
                "width_half_diff": 0.08778193696402596,
                "width_quarter_diff": 0.2768403659948336,
                "width_eighth_diff": 1.6459364499380464
            }
        },
        "3000.0": {
            ">1MeV": {
                "mu_pos": 0.45204789970026044,
                "mu_pos_err": 9.817412532715896e-05,
                "sigma_pos": 0.01804281251306609,
                "sigma_pos_err": 0.00044549035403228184,
                "width_half_diff": 0.11444621999866472,
                "width_quarter_diff": 0.4826932822755728,
                "width_eighth_diff": 1.760635471132853
            },
            "1-1.4MeV": {
                "mu_pos": 0.453437318712276,
                "mu_pos_err": 0.00018954560563457266,
                "sigma_pos": 0.02148065768135133,
                "sigma_pos_err": 0.0008347517976736768,
                "width_half_diff": 0.07117719943731259,
                "width_quarter_diff": 0.14355038213381305,
                "width_eighth_diff": 0.8230636170733986
            },
            "1.7-2MeV": {
                "mu_pos": 0.4518151742527847,
                "mu_pos_err": 0.00013479405697299786,
                "sigma_pos": 0.016612735142411537,
                "sigma_pos_err": 0.0006164889250894046,
                "width_half_diff": 0.11087339832729623,
                "width_quarter_diff": 0.24934326668618528,
                "width_eighth_diff": 1.7264544276197398
            }
        },
        "2950.0": {
            ">1MeV": {
                "mu_pos": 0.4485824688406122,
                "mu_pos_err": 8.274676950582977e-05,
                "sigma_pos": 0.019230435428993026,
                "sigma_pos_err": 0.00039740010186665054,