{
    "V05267A": {
        "5000.0": {
            ">1MeV": {
                "mu_pos": 0.44326693220391056,
                "mu_pos_err": 0.0001502131690657526,
                "sigma_pos": 0.02243014572646304,
                "sigma_pos_err": 0.0007219835659680595,
                "width_half_diff": 0.16398666943081622,
                "width_quarter_diff": 1.5227519800259843,
                "width_eighth_diff": 1.0348962470218552
            },
            "1-1.4MeV": {
                "mu_pos": 0.44403687677247744,
                "mu_pos_err": 0.0003153809964205237,
                "sigma_pos": 0.024715634209221606,
                "sigma_pos_err": 0.0013981866664739546,
                "width_half_diff": -0.008809019051550132,
                "width_quarter_diff": -0.06193767339114367,
                "width_eighth_diff": 1.1834760955263788
            },
            "1.7-2MeV": {
                "mu_pos": 0.44286128712967254,
                "mu_pos_err": 0.000270505097597332,
                "sigma_pos": 0.019378332035434327,
                "sigma_pos_err": 0.001477888479005106,
                "width_half_diff": 0.04142834299434213,
                "width_quarter_diff": 0.7462017121015335,
                "width_eighth_diff": 1.1587500441952858
            }
        },
        "4700.0": {
            ">1MeV": {
                "mu_pos": 0.43552439345492006,
                "mu_pos_err": 0.00015721245148619142,
                "sigma_pos": 0.023224243899564057,
                "sigma_pos_err": 0.0008124944283664495,
                "width_half_diff": 0.16139885857716282,
                "width_quarter_diff": 1.5492279771739765,
                "width_eighth_diff": 0.9027021077851757
            },
            "1-1.4MeV": {
                "mu_pos": 0.4364454307726,
                "mu_pos_err": 0.00032638423027062346,
                "sigma_pos": 0.02540582520863182,
                "sigma_pos_err": 0.0015806087898678934,
                "width_half_diff": 0.0013539012665596834,
                "width_quarter_diff": -0.04500505562929307,
                "width_eighth_diff": 1.2412713049197766
            },
            "1.7-2MeV": {
                "mu_pos": 0.4351870713335274,
                "mu_pos_err": 0.00029838961585107964,
                "sigma_pos": 0.02242266114221851,
                "sigma_pos_err": 0.001586036955156141,
                "width_half_diff": 0.07659025689346835,
                "width_quarter_diff": 0.9092320711487372,
                "width_eighth_diff": 1.2197877449843213
            }
        },
        "4400.0": {
            ">1MeV": {
                "mu_pos": 0.42681037412598916,
                "mu_pos_err": 0.00014286881720812212,
                "sigma_pos": 0.02228520451730615,
                "sigma_pos_err": 0.0007700982767035625,
                "width_half_diff": 0.175610280400754,
                "width_quarter_diff": 1.5131068427875451,
                "width_eighth_diff": 0.6843249682220962
            },
            "1-1.4MeV": {
                "mu_pos": 0.42797758931494895,
                "mu_pos_err": 0.00026517189014706015,
                "sigma_pos": 0.029199165761365886,
                "sigma_pos_err": 0.0013575239190572882,
                "width_half_diff": -0.023312230295827713,
                "width_quarter_diff": -0.055441149922255614,
                "width_eighth_diff": 0.33444335491269206
            },
            "1.7-2MeV": {
                "mu_pos": 0.4269004683536634,
                "mu_pos_err": 0.0002643265192762973,
                "sigma_pos": 0.019938711059230788,
                "sigma_pos_err": 0.0013231544286388987,
                "width_half_diff": 0.08345943170870632,
                "width_quarter_diff": 1.1239761489853166,
                "width_eighth_diff": 1.1074828218420485
            }
        },
        "4100.0": {
            ">1MeV": {
                "mu_pos": 0.41637873637660455,
                "mu_pos_err": 0.00012758407851713784,
                "sigma_pos": 0.02333112137987524,
                "sigma_pos_err": 0.0006523294461993133,
                "width_half_diff": 0.21939543402516445,
                "width_quarter_diff": 1.6352121507648223,
                "width_eighth_diff": 0.3296836718644836
            },
            "1-1.4MeV": {
                "mu_pos": 0.41727944135759293,
                "mu_pos_err": 0.0002481979759443567,
                "sigma_pos": 0.028215882121556863,
                "sigma_pos_err": 0.0013219303055542668,
                "width_half_diff": 0.008733131968383772,
                "width_quarter_diff": -6.83752776678572e-05,
                "width_eighth_diff": 0.3430184804404088
            },
            "1.7-2MeV": {
                "mu_pos": 0.41562228103328613,
                "mu_pos_err": 0.0002907909014676276,
                "sigma_pos": 0.01972267096221584,
                "sigma_pos_err": 0.0015421645783461177,
                "width_half_diff": 0.05894200529960386,
                "width_quarter_diff": 1.0121953591698383,
                "width_eighth_diff": 1.3419380403784602
            }
        },
        "3800.0": {
            ">1MeV": {
                "mu_pos": 0.40367781643592815,
                "mu_pos_err": 0.00013246751481351798,
                "sigma_pos": 0.021332562730268324,
                "sigma_pos_err": 0.0006698587189580039,
                "width_half_diff": 0.14580961016892743,
                "width_quarter_diff": 1.5535680804210534,
                "width_eighth_diff": 1.036136530746131
            },
            "1-1.4MeV": {
                "mu_pos": 0.40446094297469587,
                "mu_pos_err": 0.00026915475409009453,
                "sigma_pos": 0.0249497447139001,
                "sigma_pos_err": 0.0013781077435059761,
                "width_half_diff": -0.04951571863452875,
                "width_quarter_diff": -0.19270883400351305,
                "width_eighth_diff": 0.8409284063072561
            },
            "1.7-2MeV": {
                "mu_pos": 0.4036482675993047,
                "mu_pos_err": 0.00021989039717785884,
                "sigma_pos": 0.022453696932481546,
                "sigma_pos_err": 0.001172153818411118,
                "width_half_diff": 0.12966255382336964,
                "width_quarter_diff": 1.1127226238876329,
                "width_eighth_diff": 0.34491789128240335
            }
        },
        "3500.0": {
            ">1MeV": {
                "mu_pos": 0.38818524421139255,
                "mu_pos_err": 0.000153487650017518,
                "sigma_pos": 0.021998785863527794,
                "sigma_pos_err": 0.0007628886890771273,
                "width_half_diff": 0.11229401873662825,
                "width_quarter_diff": 1.4601771379982622,
                "width_eighth_diff": 1.320580584200494
            },
            "1-1.4MeV": {
                "mu_pos": 0.3894275996439286,
                "mu_pos_err": 0.0002959271182707573,
                "sigma_pos": 0.025047140404939307,
                "sigma_pos_err": 0.0014094655998126923,
                "width_half_diff": -0.11049728619499471,
                "width_quarter_diff": -0.27156188185611563,
                "width_eighth_diff": 1.4402502563139254
            },
            "1.7-2MeV": {
                "mu_pos": 0.3885629676973069,
                "mu_pos_err": 0.00022932785742680345,
                "sigma_pos": 0.02064998943748606,
                "sigma_pos_err": 0.0012036307682907529,
                "width_half_diff": 0.11990127660165091,
                "width_quarter_diff": 1.122597983572726,
                "width_eighth_diff": 1.2981176062428574
            }
        },
        "3200.0": {
            ">1MeV": {
                "mu_pos": 0.36879109153440776,
                "mu_pos_err": 0.0001594324087633883,
                "sigma_pos": 0.019199768838901204,
                "sigma_pos_err": 0.0007964227518972099,