{
    "V05268A": {
        "4200.0": {
            ">1MeV": {
                "mu_pos": 0.3367978009177977,
                "mu_pos_err": 0.000128010141004879,
                "sigma_pos": 0.019902012409508178,
                "sigma_pos_err": 0.0006769890936391163,
                "width_half_diff": 0.01703095043830905,
                "width_quarter_diff": 1.3805358368144067,
                "width_eighth_diff": 1.8299044605976218
            },
            "1-1.4MeV": {
                "mu_pos": 0.3371713078365974,
                "mu_pos_err": 0.0003626577360313514,
                "sigma_pos": 0.025222864334186152,
                "sigma_pos_err": 0.0015553644443009158,
                "width_half_diff": -0.0932395131421996,
                "width_quarter_diff": -0.11448539010006727,
                "width_eighth_diff": 1.67512903038552
            },
            "1.7-2MeV": {
                "mu_pos": 0.33731247784159096,
                "mu_pos_err": 0.00019500507539636485,
                "sigma_pos": 0.018109608359762608,
                "sigma_pos_err": 0.0011581923026729609,
                "width_half_diff": 0.028638645596345613,
                "width_quarter_diff": 0.20753419963242767,
                "width_eighth_diff": 1.7007129260934253
            }
        },
        "4100.0": {
            ">1MeV": {
                "mu_pos": 0.3271606848219785,
                "mu_pos_err": 0.00014186885393302503,
                "sigma_pos": 0.018728520272694678,
                "sigma_pos_err": 0.0008008685068723586,
                "width_half_diff": -0.04503664541981503,
                "width_quarter_diff": 1.3940165518671253,
                "width_eighth_diff": 1.83804907769432
            },
            "1-1.4MeV": {
                "mu_pos": 0.32751070515797587,
                "mu_pos_err": 0.0004906685108189401,
                "sigma_pos": 0.027438158613253993,
                "sigma_pos_err": 0.002089436289962293,
                "width_half_diff": -0.16653313098236303,
                "width_quarter_diff": -0.16806408382361582,
                "width_eighth_diff": 1.7674044167679879
            },
            "1.7-2MeV": {
                "mu_pos": 0.3275045170260592,
                "mu_pos_err": 0.00020107722868540254,
                "sigma_pos": 0.016996696411356416,
                "sigma_pos_err": 0.0011420223476134828,
                "width_half_diff": -0.11804890139073894,
                "width_quarter_diff": -0.12660101724515677,
                "width_eighth_diff": 1.7598689720972898
            }
        },
        "4000.0": {
            ">1MeV": {
                "mu_pos": 0.3158608648785308,
                "mu_pos_err": 0.00015925095591884315,
                "sigma_pos": 0.01848897811569508,
                "sigma_pos_err": 0.0008118239650279507,
                "width_half_diff": -0.038582630584977115,
                "width_quarter_diff": 1.355082126080933,
                "width_eighth_diff": 1.930381301436995
            },
            "1-1.4MeV": {
                "mu_pos": 0.3163239021727338,
                "mu_pos_err": 0.0006157523195927895,
                "sigma_pos": 0.026460167511264888,
                "sigma_pos_err": 0.0024880529979354965,
                "width_half_diff": -0.11555778992767948,
                "width_quarter_diff": -0.06751628014733316,
                "width_eighth_diff": 1.8893368178363947
            },
            "1.7-2MeV": {
                "mu_pos": 0.31607051789476354,
                "mu_pos_err": 0.0002838379217821893,
                "sigma_pos": 0.019652078867706403,
                "sigma_pos_err": 0.001648678792188292,
                "width_half_diff": -0.04485129964635196,
                "width_quarter_diff": 0.126458474584164,
                "width_eighth_diff": 1.9825853222542398
            }
        },
        "3900.0": {
            ">1MeV": {
                "mu_pos": 0.3027290924610525,
                "mu_pos_err": 0.00021133374896227977,
                "sigma_pos": 0.01823122918908993,
                "sigma_pos_err": 0.000994866514851252,
                "width_half_diff": -0.14816640756902819,
                "width_quarter_diff": 1.2925435857540823,
                "width_eighth_diff": 2.0349901856606385
            },
            "1-1.4MeV": {
                "mu_pos": 0.30419258797098897,
                "mu_pos_err": 0.0004162992148930808,
                "sigma_pos": 0.030587249159182827,
                "sigma_pos_err": 0.002309462150707168,
                "width_half_diff": 0.06274832879673338,
                "width_quarter_diff": 0.2038409107347413,
                "width_eighth_diff": 1.9987707195712943
            },
            "1.7-2MeV": {
                "mu_pos": 0.30342283152428456,
                "mu_pos_err": 0.00021388195772279177,
                "sigma_pos": 0.018607573374410633,
                "sigma_pos_err": 0.0012988045659073292,
                "width_half_diff": -0.022937409669360677,
                "width_quarter_diff": 0.1480781050598183,
                "width_eighth_diff": 1.9990082986290778
            }
        },
        "3800.0": {
            ">1MeV": {
                "mu_pos": 0.2879582629694159,
                "mu_pos_err": 0.00019100293126090429,
                "sigma_pos": 0.020704376406051113,
                "sigma_pos_err": 0.0009945764236454302,
                "width_half_diff": -0.0014996638692986912,
                "width_quarter_diff": 1.3122959410110202,
                "width_eighth_diff": 2.3043038852859
            },
            "1-1.4MeV": {
                "mu_pos": 0.28898713953165023,
                "mu_pos_err": 0.00033602107751796453,
                "sigma_pos": 0.033833236249453655,
                "sigma_pos_err": 0.0018678616091915038,
                "width_half_diff": 0.046358526874255665,
                "width_quarter_diff": 0.18452696157249343,
                "width_eighth_diff": 2.129737637191556
            },
            "1.7-2MeV": {
                "mu_pos": 0.2883047181508108,
                "mu_pos_err": 0.0003059653487412125,
                "sigma_pos": 0.016942212871048638,
                "sigma_pos_err": 0.0014493548588038604,
                "width_half_diff": -0.17543922076062438,
                "width_quarter_diff": 0.08430273806290216,
                "width_eighth_diff": 1.8677183282401861
            }
        },
        "3700.0": {
            ">1MeV": {
                "mu_pos": 0.2710976246658193,
                "mu_pos_err": 0.0002236069754497536,
                "sigma_pos": 0.021005550901514656,
                "sigma_pos_err": 0.0010736621727524625,
                "width_half_diff": 0.06968786264983942,
                "width_quarter_diff": 1.6303164360466211,
                "width_eighth_diff": 2.527620722444507
            },
            "1-1.4MeV": {
                "mu_pos": 0.2724336405794683,
                "mu_pos_err": 0.00022233550219069177,
                "sigma_pos": 0.03632407200307072,
                "sigma_pos_err": 0.0016153385543808893,
                "width_half_diff": 0.14263170365092045,
                "width_quarter_diff": 0.42471197689449297,
                "width_eighth_diff": 2.287106749864958
            },
            "1.7-2MeV": {
                "mu_pos": 0.2713151682756719,
                "mu_pos_err": 0.0005132739678813744,
                "sigma_pos": 0.017957494883641262,
                "sigma_pos_err": 0.00226385808040508,
                "width_half_diff": -0.042299870521356,
                "width_quarter_diff": 0.68314614224763,
                "width_eighth_diff": 2.2007643951584974
            }
        },
        "3500.0": {
            ">1MeV": {
                "mu_pos": 0.24135265411120774,
                "mu_pos_err": 0.00010491281261620238,
                "sigma_pos": 0.02524983569035407,
                "sigma_pos_err": 0.0008182608927553837,