{
    "V05268B": {
        "4700.0": {
            ">1MeV": {
                "mu_pos": 0.46004909559231794,
                "mu_pos_err": 0.0004253453680058664,
                "sigma_pos": 0.04594381790518947,
                "sigma_pos_err": 0.0013344061405827748,
                "width_half_diff": 0.41915387888906325,
                "width_quarter_diff": 1.2330857941456985,
                "width_eighth_diff": 1.5131852090180626
            },
            "1-1.4MeV": {
                "mu_pos": 0.4601714937503917,
                "mu_pos_err": 0.0006553451467518923,
                "sigma_pos": 0.049749404229608295,
                "sigma_pos_err": 0.002403547664893762,
                "width_half_diff": 0.16255159000848327,
                "width_quarter_diff": 0.6132548290608355,
                "width_eighth_diff": 1.5150271975827434
            },
            "1.7-2MeV": {
                "mu_pos": 0.46070719928429726,
                "mu_pos_err": 0.0009697981593914303,
                "sigma_pos": 0.04240513990261318,
                "sigma_pos_err": 0.002739217067006412,
                "width_half_diff": 0.4314429053270956,
                "width_quarter_diff": 1.162942871940104,
                "width_eighth_diff": 1.433219235668823
            }
        },
        "4600.0": {
            ">1MeV": {
                "mu_pos": 0.439664445310276,
                "mu_pos_err": 0.0006431227748833783,
                "sigma_pos": 0.06250727853846275,
                "sigma_pos_err": 0.002022299481675737,
                "width_half_diff": 0.4366562765122431,
                "width_quarter_diff": 1.1639492852878588,
                "width_eighth_diff": 1.4557472462937733
            },
            "1-1.4MeV": {
                "mu_pos": 0.4266786868943528,
                "mu_pos_err": 0.0006806354305780444,
                "sigma_pos": 0.057747756404670766,
                "sigma_pos_err": 0.0027137969502883416,
                "width_half_diff": 0.19151245633823938,
                "width_quarter_diff": 0.5040437786173876,
                "width_eighth_diff": 1.549561389045049
            },
            "1.7-2MeV": {
                "mu_pos": 0.44403601353000605,
                "mu_pos_err": 0.0010236199905692498,
                "sigma_pos": 0.051822465487196975,
                "sigma_pos_err": 0.003184795501616509,
                "width_half_diff": 0.379252354110321,
                "width_quarter_diff": 1.121569082293281,
                "width_eighth_diff": 1.4332435903495715
            }
        },
        "4500.0": {
            ">1MeV": {
                "mu_pos": 0.43229728814305707,
                "mu_pos_err": 0.0009534203566748487,
                "sigma_pos": 0.06469129350688713,
                "sigma_pos_err": 0.002816927868979248,
                "width_half_diff": 0.6318730865203849,
                "width_quarter_diff": 1.2116605016657347,
                "width_eighth_diff": 1.437899874304207
            },
            "1-1.4MeV": {
                "mu_pos": 0.41531657693695795,
                "mu_pos_err": 0.0006862214849521003,
                "sigma_pos": 0.056036726473226876,
                "sigma_pos_err": 0.0028674410377293276,
                "width_half_diff": 0.20741523899868075,
                "width_quarter_diff": 0.7558808851067893,
                "width_eighth_diff": 1.622312787501241
            },
            "1.7-2MeV": {
                "mu_pos": 0.4354465365138271,
                "mu_pos_err": 0.0008463398325101655,
                "sigma_pos": 0.048414768599554216,
                "sigma_pos_err": 0.0027172429855912422,
                "width_half_diff": 0.4004453922332593,
                "width_quarter_diff": 1.1320425935588851,
                "width_eighth_diff": 1.4575138669068377
            }
        },
        "4400.0": {
            ">1MeV": {
                "mu_pos": 0.4241644745997831,
                "mu_pos_err": 0.0005608088454057261,
                "sigma_pos": 0.056912193094882164,
                "sigma_pos_err": 0.0019341897403178407,
                "width_half_diff": 0.4089594237035261,
                "width_quarter_diff": 1.1974108974044582,
                "width_eighth_diff": 1.5159956326589208
            },
            "1-1.4MeV": {
                "mu_pos": 0.41127090735534394,
                "mu_pos_err": 0.0008456448756702516,
                "sigma_pos": 0.05264755618005348,
                "sigma_pos_err": 0.003587402717060985,
                "width_half_diff": 0.24661448668572342,
                "width_quarter_diff": 1.0512976880605933,
                "width_eighth_diff": 1.5962186560185212
            },
            "1.7-2MeV": {
                "mu_pos": 0.41997605122587073,
                "mu_pos_err": NaN,
                "sigma_pos": 0.022457069072486593,
                "sigma_pos_err": NaN,
                "width_half_diff": -0.20386394665779012,
                "width_quarter_diff": 0.10945677759896418,
                "width_eighth_diff": 1.185525177158348
            }
        },
        "4300.0": {
            ">1MeV": {
                "mu_pos": 0.41227693423043427,
                "mu_pos_err": 0.0029925199972805332,
                "sigma_pos": 0.03726248265668894,
                "sigma_pos_err": 0.0038791653970092674,
                "width_half_diff": 0.8698959667398134,
                "width_quarter_diff": 1.4574014922447012,
                "width_eighth_diff": 1.633265346367144
            },
            "1-1.4MeV": {
                "mu_pos": 0.3977325115321213,
                "mu_pos_err": 0.0005456288785193589,
                "sigma_pos": 0.05513790833972887,
                "sigma_pos_err": 0.0022727726728970854,
                "width_half_diff": 0.16335501783823608,
                "width_quarter_diff": 0.42373146282374874,
                "width_eighth_diff": 1.6421699187219876
            },
            "1.7-2MeV": {
                "mu_pos": 0.41839617220701075,
                "mu_pos_err": 0.0005974023875491601,
                "sigma_pos": 0.0394034334687121,
                "sigma_pos_err": 0.0020240539619051307,
                "width_half_diff": 0.32167851279871557,
                "width_quarter_diff": 1.115593346101581,
                "width_eighth_diff": 1.5509531059555108
            }
        },
        "4200.0": {
            ">1MeV": {
                "mu_pos": 0.43138554859014994,
                "mu_pos_err": 0.0030780770424060286,
                "sigma_pos": 0.035637992323738564,
                "sigma_pos_err": 0.0024072621213475213,
                "width_half_diff": 1.3294786767923514,
                "width_quarter_diff": 1.601609347664563,
                "width_eighth_diff": 1.6927200697347398
            },
            "1-1.4MeV": {
                "mu_pos": 0.38888193497999546,
                "mu_pos_err": 0.000719629419365018,
                "sigma_pos": 0.06697120301235948,
                "sigma_pos_err": 0.0031267970800895645,
                "width_half_diff": 0.22878676391679093,
                "width_quarter_diff": 0.7939922066079085,
                "width_eighth_diff": 1.6984943929927327
            },
            "1.7-2MeV": {
                "mu_pos": 0.4226091267228604,
                "mu_pos_err": 0.0006457152142210326,
                "sigma_pos": 0.036973498054711326,
                "sigma_pos_err": 0.0022783998490312845,
                "width_half_diff": 0.34255042991256984,
                "width_quarter_diff": 1.2293850610987613,
                "width_eighth_diff": 1.6299838420938844
            }
        },
        "4100.0": {
            ">1MeV": {
                "mu_pos": 0.40408414434240947,
                "mu_pos_err": 0.0007975549949801663,
                "sigma_pos": 0.05062349790256204,
                "sigma_pos_err": 0.0027437869048504175,
                "width_half_diff": 0.6582886785845049,
                "width_quarter_diff": 1.450653091745054,