{
    "V05261B": {
        "5000.0": {
            ">1MeV": {
                "mu_pos": 0.5358240841877745,
                "mu_pos_err": 0.00017163722398386863,
                "sigma_pos": 0.019537258800222078,
                "sigma_pos_err": 0.0005616687086990604,
                "width_half_diff": 0.15481436712527408,
                "width_quarter_diff": 0.4864957693215991,
                "width_eighth_diff": 1.5092882150114875
            },
            "1-1.4MeV": {
                "mu_pos": 0.5369939691556491,
                "mu_pos_err": 0.0002670250459761516,
                "sigma_pos": 0.019107765056003194,
                "sigma_pos_err": 0.0009516054286008644,
                "width_half_diff": 0.05559046177228681,
                "width_quarter_diff": 0.13936189811690483,
                "width_eighth_diff": 0.8652598350860065
            },
            "1.7-2MeV": {
                "mu_pos": 0.535451280414114,
                "mu_pos_err": 0.0003343800730000003,
                "sigma_pos": 0.019301652818026063,
                "sigma_pos_err": 0.0009988682442704452,
                "width_half_diff": 0.1316238629670576,
                "width_quarter_diff": 0.3666740010106983,
                "width_eighth_diff": 1.4802966953795849
            }
        },
        "4800.0": {
            ">1MeV": {
                "mu_pos": 0.5243863932055122,
                "mu_pos_err": 0.0005957359368378618,
                "sigma_pos": 0.0192237569057731,
                "sigma_pos_err": 0.0011493198052621068,
                "width_half_diff": 0.13149844404168015,
                "width_quarter_diff": 0.511316489961567,
                "width_eighth_diff": 1.528114855671965
            },
            "1-1.4MeV": {
                "mu_pos": 0.5259761535419204,
                "mu_pos_err": 1.0595166320767232e-05,
                "sigma_pos": 0.020869845767477763,
                "sigma_pos_err": 3.595281223921346e-05,
                "width_half_diff": 0.08058333308478746,
                "width_quarter_diff": 0.17673303358585268,
                "width_eighth_diff": 1.0702823994181248
            },
            "1.7-2MeV": {
                "mu_pos": 0.5240281377600103,
                "mu_pos_err": 0.00027233989542960765,
                "sigma_pos": 0.01806995178503618,
                "sigma_pos_err": 0.0004821495310182984,
                "width_half_diff": 0.12828692462105412,
                "width_quarter_diff": 0.4464095536158983,
                "width_eighth_diff": 1.4429989803608965
            }
        },
        "4600.0": {
            ">1MeV": {
                "mu_pos": 0.5108849617025403,
                "mu_pos_err": 0.00017912589400240913,
                "sigma_pos": 0.021441503107801643,
                "sigma_pos_err": 0.0006114315216162045,
                "width_half_diff": 0.16896427192909946,
                "width_quarter_diff": 0.5459829176948499,
                "width_eighth_diff": 1.5827313798816507
            },
            "1-1.4MeV": {
                "mu_pos": 0.5123319022253454,
                "mu_pos_err": 0.00028896193899419974,
                "sigma_pos": 0.02194541679371665,
                "sigma_pos_err": 0.0010389975935497027,
                "width_half_diff": 0.06514600791700645,
                "width_quarter_diff": 0.1593437932879048,
                "width_eighth_diff": 1.1128606966914485
            },
            "1.7-2MeV": {
                "mu_pos": 0.5099139442788726,
                "mu_pos_err": 0.0007230165897838591,
                "sigma_pos": 0.01818450470350087,
                "sigma_pos_err": 0.001823059474466556,
                "width_half_diff": 0.09708556419610374,
                "width_quarter_diff": 0.25407789225374555,
                "width_eighth_diff": 1.3774041394351066
            }
        },
        "4400.0": {
            ">1MeV": {
                "mu_pos": 0.49399291897343867,
                "mu_pos_err": 0.00016225926865400697,
                "sigma_pos": 0.020380877314788853,
                "sigma_pos_err": 0.0005814700859245928,
                "width_half_diff": 0.14323713121853984,
                "width_quarter_diff": 0.4233961591523497,
                "width_eighth_diff": 1.6359585982229083
            },
            "1-1.4MeV": {
                "mu_pos": 0.4952624262926551,
                "mu_pos_err": 0.00031085601542579837,
                "sigma_pos": 0.02024298815757,
                "sigma_pos_err": 0.0011876746852130097,
                "width_half_diff": 0.03502238344908889,
                "width_quarter_diff": 0.12706402509272155,
                "width_eighth_diff": 0.8151035476435035
            },
            "1.7-2MeV": {
                "mu_pos": 0.4936738203796376,
                "mu_pos_err": 2.7349359426228596e-05,
                "sigma_pos": 0.02066109275841557,
                "sigma_pos_err": 9.959390477009419e-05,
                "width_half_diff": 0.13053027403585168,
                "width_quarter_diff": 0.3579957333878552,
                "width_eighth_diff": 1.594917458663582
            }
        },
        "4200.0": {
            ">1MeV": {
                "mu_pos": 0.47088617216380324,
                "mu_pos_err": NaN,
                "sigma_pos": 0.020491439817401966,
                "sigma_pos_err": NaN,
                "width_half_diff": 0.11595631555885835,
                "width_quarter_diff": 0.6028475540425223,
                "width_eighth_diff": 1.6919742093248247
            },
            "1-1.4MeV": {
                "mu_pos": 0.47141640045078415,
                "mu_pos_err": 0.00141997410722882,
                "sigma_pos": 0.02255962323123669,
                "sigma_pos_err": 0.002042187330016701,
                "width_half_diff": 0.02832251430752719,
                "width_quarter_diff": 0.09422360439081542,
                "width_eighth_diff": 0.46335238222409075
            },
            "1.7-2MeV": {
                "mu_pos": 0.47051267371550526,
                "mu_pos_err": 0.00032388873199650875,
                "sigma_pos": 0.020644999631346604,
                "sigma_pos_err": 0.001148735414438218,
                "width_half_diff": 0.12488034282991735,
                "width_quarter_diff": 0.35424792135903316,
                "width_eighth_diff": 1.7023885849463973
            }
        },
        "4000.0": {
            ">1MeV": {
                "mu_pos": 0.4372787781006237,
                "mu_pos_err": 0.00015904548813109074,
                "sigma_pos": 0.022196364290326173,
                "sigma_pos_err": 0.000664701735408629,
                "width_half_diff": 0.19660048610832678,
                "width_quarter_diff": 0.6906272007632797,
                "width_eighth_diff": 1.8466277815194412
            },
            "1-1.4MeV": {
                "mu_pos": 0.4389249755810287,
                "mu_pos_err": 0.0003362527980484283,
                "sigma_pos": 0.024183512235545213,
                "sigma_pos_err": 0.0005598665051777867,
                "width_half_diff": 0.11239964243007904,
                "width_quarter_diff": 0.2403347415808204,
                "width_eighth_diff": 1.5748863266880153
            },
            "1.7-2MeV": {
                "mu_pos": 0.43616014689056154,
                "mu_pos_err": 0.00025373098144756485,
                "sigma_pos": 0.02109640613155526,
                "sigma_pos_err": 0.0009997585064349338,
                "width_half_diff": 0.11097833216203719,
                "width_quarter_diff": 0.24666287282466015,
                "width_eighth_diff": 1.857429295047786
            }
        },
        "3800.0": {
            ">1MeV": {
                "mu_pos": 0.4262473285597875,
                "mu_pos_err": 0.007126019005471644,
                "sigma_pos": 0.1802935423787354,
                "sigma_pos_err": 0.04121319315455633,
                "width_half_diff": 0.3172177874837557,