{
    "V05266B": {
        "4900.0": {
            ">1MeV": {
                "mu_pos": 0.484926744215021,
                "mu_pos_err": 0.0067703499763727285,
                "sigma_pos": 0.16049145192268993,
                "sigma_pos_err": 0.04701608589539094,
                "width_half_diff": 0.2667206663551609,
                "width_quarter_diff": 0.4242921829024959,
                "width_eighth_diff": 0.5438915477884028
            },
            "1-1.4MeV": {
                "mu_pos": 0.5398181101472674,
                "mu_pos_err": 0.0012027658618557486,
                "sigma_pos": 0.06364385978880596,
                "sigma_pos_err": 0.0032195180207949562,
                "width_half_diff": 0.21287197880007555,
                "width_quarter_diff": 0.7690894127918301,
                "width_eighth_diff": 1.2002610110456338
            },
            "1.7-2MeV": {
                "mu_pos": 0.48664612738058116,
                "mu_pos_err": 0.0052730168298736405,
                "sigma_pos": 0.03152864212347014,
                "sigma_pos_err": 0.002914817107242704,
                "width_half_diff": 0.13498515890806886,
                "width_quarter_diff": 0.517439615363887,
                "width_eighth_diff": 1.6602902609772627
            }
        },
        "4850.0": {
            ">1MeV": {
                "mu_pos": 0.4852101372265077,
                "mu_pos_err": 0.004952796605964588,
                "sigma_pos": 0.19876803100135032,
                "sigma_pos_err": 0.018677843731699235,
                "width_half_diff": 0.26615190277095946,
                "width_quarter_diff": 0.428504254480836,
                "width_eighth_diff": 0.5627633845492201
            },
            "1-1.4MeV": {
                "mu_pos": 0.5420371513038116,
                "mu_pos_err": 0.002110727959444038,
                "sigma_pos": 0.06811792602287378,
                "sigma_pos_err": 0.0037069069369965123,
                "width_half_diff": 0.40441444333241644,
                "width_quarter_diff": 0.9690609046743889,
                "width_eighth_diff": 1.1841109271272556
            },
            "1.7-2MeV": {
                "mu_pos": 0.48317253588531023,
                "mu_pos_err": 0.00647117056191852,
                "sigma_pos": 0.03280532548866648,
                "sigma_pos_err": 0.003167692224522859,
                "width_half_diff": 0.2552078689934202,
                "width_quarter_diff": 1.1500377872915144,
                "width_eighth_diff": 1.5402246112495115
            }
        },
        "4800.0": {
            ">1MeV": {
                "mu_pos": 0.472608905030782,
                "mu_pos_err": 0.010863414866092257,
                "sigma_pos": 0.1539923221345993,
                "sigma_pos_err": 0.015655233080730815,
                "width_half_diff": 0.3287817876763906,
                "width_quarter_diff": 0.4924689049705264,
                "width_eighth_diff": 0.6109050312603197
            },
            "1-1.4MeV": {
                "mu_pos": 0.5319493827864492,
                "mu_pos_err": 0.0014833212018888296,
                "sigma_pos": 0.0675078035996617,
                "sigma_pos_err": 0.00409876761868603,
                "width_half_diff": 0.2897835130582282,
                "width_quarter_diff": 0.9269863175074367,
                "width_eighth_diff": 1.2382144491864369
            },
            "1.7-2MeV": {
                "mu_pos": 0.4758141077123699,
                "mu_pos_err": 0.000467329279555901,
                "sigma_pos": 0.03239268396427738,
                "sigma_pos_err": 0.0009568106361365805,
                "width_half_diff": 0.22403850136827452,
                "width_quarter_diff": 1.1490891752867118,
                "width_eighth_diff": 1.6443135558380328
            }
        },
        "4750.0": {
            ">1MeV": {
                "mu_pos": 0.4680860824347411,
                "mu_pos_err": 0.005405943139917334,
                "sigma_pos": 0.20592158372158556,
                "sigma_pos_err": 0.008017794497289002,
                "width_half_diff": 0.25876665891126094,
                "width_quarter_diff": 0.43724117871384327,
                "width_eighth_diff": 0.58359018901548
            },
            "1-1.4MeV": {
                "mu_pos": 0.5230951609031922,
                "mu_pos_err": 0.0017917297461419266,
                "sigma_pos": 0.0696700895701858,
                "sigma_pos_err": 0.004366076806971423,
                "width_half_diff": 0.39179076232992543,
                "width_quarter_diff": 1.0179477938547363,
                "width_eighth_diff": 1.250299107330393
            },
            "1.7-2MeV": {
                "mu_pos": 0.46751920184687246,
                "mu_pos_err": 0.0006179827428805098,
                "sigma_pos": 0.03332944682124239,
                "sigma_pos_err": 0.0019753197995524777,
                "width_half_diff": 0.2477216499694358,
                "width_quarter_diff": 1.2192467970785557,
                "width_eighth_diff": 1.6156081655498395
            }
        },
        "4700.0": {
            ">1MeV": {
                "mu_pos": 0.43982393738172926,
                "mu_pos_err": 0.00017467585184364584,
                "sigma_pos": 0.013901503793721591,
                "sigma_pos_err": 0.0006779538147923401,
                "width_half_diff": 0.11246776912697658,
                "width_quarter_diff": 0.30289811918764287,
                "width_eighth_diff": 1.71839094441219
            },
            "1-1.4MeV": {
                "mu_pos": 0.43938881651825823,
                "mu_pos_err": 0.0024875214764167436,
                "sigma_pos": 0.014058195676854532,
                "sigma_pos_err": 0.002469967992804777,
                "width_half_diff": 0.022024571220052264,
                "width_quarter_diff": 0.06886838541996668,
                "width_eighth_diff": 0.9699087606705474
            },
            "1.7-2MeV": {
                "mu_pos": 0.43974067081550317,
                "mu_pos_err": NaN,
                "sigma_pos": 0.013709989616755833,
                "sigma_pos_err": NaN,
                "width_half_diff": 0.10809287881451589,
                "width_quarter_diff": 0.2537530328382503,
                "width_eighth_diff": 1.5904258590815568
            }
        },
        "4600.0": {
            ">1MeV": {
                "mu_pos": 0.4232830814325528,
                "mu_pos_err": 0.00022492656057066453,
                "sigma_pos": 0.013633554679364359,
                "sigma_pos_err": 0.0008724644934666181,
                "width_half_diff": 0.12198853833574634,
                "width_quarter_diff": 0.3601646520877103,
                "width_eighth_diff": 1.706943706228054
            },
            "1-1.4MeV": {
                "mu_pos": 0.4244186083427549,
                "mu_pos_err": 3.268045021158453e-05,
                "sigma_pos": 0.01843085817254748,
                "sigma_pos_err": 0.0001397970020342716,
                "width_half_diff": 0.07862072929547216,
                "width_quarter_diff": 0.18690676348004023,
                "width_eighth_diff": 1.2732567574005833
            },
            "1.7-2MeV": {
                "mu_pos": 0.42312963609594767,
                "mu_pos_err": 0.0008664579116758444,
                "sigma_pos": 0.012099472391081233,
                "sigma_pos_err": 0.0014360907567088662,
                "width_half_diff": 0.15319553230131616,
                "width_quarter_diff": 0.3400945545582436,
                "width_eighth_diff": 1.6639142093201034
            }
        },
        "4500.0": {
            ">1MeV": {
                "mu_pos": 0.43911716495886044,
                "mu_pos_err": 0.005086674915918848,
                "sigma_pos": 0.1739938979991989,
                "sigma_pos_err": 0.005499252226368726,
                "width_half_diff": 0.37437526046991365,
                "width_quarter_diff": 0.5600072986871845,