{
    "V05612A": {
        "4700.0": {
            ">1MeV": {
                "mu_pos": 0.4395193664913159,
                "mu_pos_err": 0.00026581787937312245,
                "sigma_pos": 0.02170892643710659,
                "sigma_pos_err": 0.0013853351513068658,
                "width_half_diff": 0.15423400734201118,
                "width_quarter_diff": 1.405687794473087,
                "width_eighth_diff": 1.387284168884738
            },
            "1-1.4MeV": {
                "mu_pos": 0.4408767773617665,
                "mu_pos_err": 0.00040504962509969514,
                "sigma_pos": 0.027431565780118575,
                "sigma_pos_err": 0.0019013498980558364,
                "width_half_diff": 0.08172869655245057,
                "width_quarter_diff": 0.19554936578324814,
                "width_eighth_diff": 1.69827826161145
            },
            "1.7-2MeV": {
                "mu_pos": 0.43930087075923296,
                "mu_pos_err": 0.00044088828844491776,
                "sigma_pos": 0.015202029039499474,
                "sigma_pos_err": 0.0020462255752631215,
                "width_half_diff": 0.03395752755926795,
                "width_quarter_diff": 0.7078654233487295,
                "width_eighth_diff": 1.4289512377815323
            }
        },
        "4500.0": {
            ">1MeV": {
                "mu_pos": 0.4215912852443579,
                "mu_pos_err": 0.006517884998156212,
                "sigma_pos": 0.13303411804670026,
                "sigma_pos_err": 0.005873402562620439,
                "width_half_diff": 0.4533368222911174,
                "width_quarter_diff": 0.8827222294124586,
                "width_eighth_diff": 1.1387812773333155
            },
            "1-1.4MeV": {
                "mu_pos": 0.4066946394550209,
                "mu_pos_err": 0.0006770689039565377,
                "sigma_pos": 0.03618680612663353,
                "sigma_pos_err": 0.003069719118508512,
                "width_half_diff": -0.0037145781420220027,
                "width_quarter_diff": 0.2094416383004459,
                "width_eighth_diff": 1.5355476782122217
            },
            "1.7-2MeV": {
                "mu_pos": 0.4247405918238143,
                "mu_pos_err": 0.0005255435089924364,
                "sigma_pos": 0.023524506714605053,
                "sigma_pos_err": 0.002966537158557606,
                "width_half_diff": 0.1892268622996107,
                "width_quarter_diff": 1.4456159633925372,
                "width_eighth_diff": 0.9806850120620036
            }
        },
        "4300.0": {
            ">1MeV": {
                "mu_pos": 0.41460870576558606,
                "mu_pos_err": 0.0009190111650719351,
                "sigma_pos": 0.12319035701529599,
                "sigma_pos_err": 0.0026643796327244416,
                "width_half_diff": 0.4351532099074614,
                "width_quarter_diff": 0.9642141232144449,
                "width_eighth_diff": 1.24910158952208
            },
            "1-1.4MeV": {
                "mu_pos": 0.3976311213792116,
                "mu_pos_err": 0.0010678919848716717,
                "sigma_pos": 0.03636229934127824,
                "sigma_pos_err": 0.003930754557660333,
                "width_half_diff": -0.07363382383856783,
                "width_quarter_diff": 0.5626168371016175,
                "width_eighth_diff": 1.530947886846079
            },
            "1.7-2MeV": {
                "mu_pos": 0.4165055402458227,
                "mu_pos_err": 0.0005116696187278637,
                "sigma_pos": 0.023845999477326667,
                "sigma_pos_err": 0.0026247275826823983,
                "width_half_diff": 0.08353927351134534,
                "width_quarter_diff": 0.5130937894790857,
                "width_eighth_diff": 1.3199462399031896
            }
        },
        "4100.0": {
            ">1MeV": {
                "mu_pos": 0.4175534257053464,
                "mu_pos_err": 0.00023159116211441628,
                "sigma_pos": 0.020505195482255892,
                "sigma_pos_err": 0.0012900090279780424,
                "width_half_diff": 0.12384787419900233,
                "width_quarter_diff": 0.8565485789691244,
                "width_eighth_diff": 1.634035626163571
            },
            "1-1.4MeV": {
                "mu_pos": 0.41863553390319624,
                "mu_pos_err": 0.00032814652051098314,
                "sigma_pos": 0.024659293332641778,
                "sigma_pos_err": 0.0015645619388149137,
                "width_half_diff": 0.045006259234310717,
                "width_quarter_diff": 0.06369518252682502,
                "width_eighth_diff": 0.3419099196234943
            },
            "1.7-2MeV": {
                "mu_pos": 0.41804437927775995,
                "mu_pos_err": 0.0003408108625747627,
                "sigma_pos": 0.018857917484236625,
                "sigma_pos_err": 0.001826009442321295,
                "width_half_diff": 0.10340341129129485,
                "width_quarter_diff": 0.26960058578360724,
                "width_eighth_diff": 1.8031433684593798
            }
        },
        "3800.0": {
            ">1MeV": {
                "mu_pos": 0.40317096493422105,
                "mu_pos_err": 0.00019567845395420256,
                "sigma_pos": 0.023073473642723958,
                "sigma_pos_err": 0.0009590878608772899,
                "width_half_diff": 0.17050308373153983,
                "width_quarter_diff": 1.430226592596214,
                "width_eighth_diff": 0.3404802870811574
            },
            "1-1.4MeV": {
                "mu_pos": 0.40329638102089066,
                "mu_pos_err": 0.00039412617781080505,
                "sigma_pos": 0.026367169638362713,
                "sigma_pos_err": 0.0018912605631334564,
                "width_half_diff": 0.02826511828502986,
                "width_quarter_diff": 0.06292264449339438,
                "width_eighth_diff": 1.4152126941063041
            },
            "1.7-2MeV": {
                "mu_pos": 0.40307508227400446,
                "mu_pos_err": 0.0003736233441681277,
                "sigma_pos": 0.021762327755553354,
                "sigma_pos_err": 0.0017275826077421737,
                "width_half_diff": 0.1130924747376838,
                "width_quarter_diff": 0.6215191361152618,
                "width_eighth_diff": 0.34540177349031714
            }
        },
        "3500.0": {
            ">1MeV": {
                "mu_pos": 0.38473387045477,
                "mu_pos_err": 0.0001965463768459902,
                "sigma_pos": 0.021144966377160915,
                "sigma_pos_err": 0.001053832899643185,
                "width_half_diff": 0.10192204300458048,
                "width_quarter_diff": 1.2858656154170678,
                "width_eighth_diff": 1.5402312932837061
            },
            "1-1.4MeV": {
                "mu_pos": 0.3850176646371403,
                "mu_pos_err": 0.0004537623498289322,
                "sigma_pos": 0.023401687713879803,
                "sigma_pos_err": 0.002200135663762419,
                "width_half_diff": -0.10367626154391578,
                "width_quarter_diff": -0.2391266989634171,
                "width_eighth_diff": 1.3795549641132043
            },
            "1.7-2MeV": {
                "mu_pos": 0.3846703210044805,
                "mu_pos_err": 0.0003364415219782639,
                "sigma_pos": 0.019690643654276436,
                "sigma_pos_err": 0.0017467702561927705,
                "width_half_diff": 0.07631845694576848,
                "width_quarter_diff": 0.25573274744254737,
                "width_eighth_diff": 1.8339832418099307
            }
        },
        "3200.0": {
            ">1MeV": {
                "mu_pos": 0.3605074645635938,
                "mu_pos_err": 0.00024107020643238325,
                "sigma_pos": 0.021555683664716472,
                "sigma_pos_err": 0.00135901137250327,
                "width_half_diff": 0.11980597830271869,