{
    "V05612B": {
        "4700.0": {
            ">1MeV": {
                "mu_pos": 0.4830064245269209,
                "mu_pos_err": 0.00031403548340205027,
                "sigma_pos": 0.06500711033309423,
                "sigma_pos_err": 0.0008031364300541659,
                "width_half_diff": 0.7180590355343409,
                "width_quarter_diff": 1.2576127357883768,
                "width_eighth_diff": 1.44196794100866
            },
            "1-1.4MeV": {
                "mu_pos": 0.4842105056515798,
                "mu_pos_err": 0.0004130830469234974,
                "sigma_pos": 0.05639648248259431,
                "sigma_pos_err": 0.0012268810053010237,
                "width_half_diff": 0.17706421252441845,
                "width_quarter_diff": 0.65499756183178,
                "width_eighth_diff": 1.4710875404608417
            },
            "1.7-2MeV": {
                "mu_pos": 0.4821407879253104,
                "mu_pos_err": 0.001909839202971599,
                "sigma_pos": 0.05979731011075231,
                "sigma_pos_err": 0.003098694476960992,
                "width_half_diff": 0.44086381417817344,
                "width_quarter_diff": 1.0957643132269093,
                "width_eighth_diff": 1.3491942051802122
            }
        },
        "4600.0": {
            ">1MeV": {
                "mu_pos": 0.4790592939804117,
                "mu_pos_err": 0.0019695653920612723,
                "sigma_pos": 0.06799878523223553,
                "sigma_pos_err": 0.002611407464191413,
                "width_half_diff": 0.6709780697887439,
                "width_quarter_diff": 1.2179331436764382,
                "width_eighth_diff": 1.4120116501895146
            },
            "1-1.4MeV": {
                "mu_pos": 0.48024394663163306,
                "mu_pos_err": 0.00036443218411379185,
                "sigma_pos": 0.054969773772356206,
                "sigma_pos_err": 0.001252602595478865,
                "width_half_diff": 0.1599031373817432,
                "width_quarter_diff": 0.4306289814317678,
                "width_eighth_diff": 1.4809685218559308
            },
            "1.7-2MeV": {
                "mu_pos": 0.4933801337911188,
                "mu_pos_err": 0.0003990623872501219,
                "sigma_pos": 0.010482573411825926,
                "sigma_pos_err": 0.0011356111774633978,
                "width_half_diff": 1.5687744513353976,
                "width_quarter_diff": 1.4508497703975372,
                "width_eighth_diff": 1.366013623839632
            }
        },
        "4500.0": {
            ">1MeV": {
                "mu_pos": 0.47393011528551904,
                "mu_pos_err": 0.0001108485342845318,
                "sigma_pos": 0.07865333149233385,
                "sigma_pos_err": 0.000324357007708124,
                "width_half_diff": 0.6537647017265394,
                "width_quarter_diff": 1.115922543122501,
                "width_eighth_diff": 1.3102719980448596
            },
            "1-1.4MeV": {
                "mu_pos": 0.4753859095685667,
                "mu_pos_err": 0.0003784922219951454,
                "sigma_pos": 0.05680420836336655,
                "sigma_pos_err": 0.0013164838049637391,
                "width_half_diff": 0.16264344899169694,
                "width_quarter_diff": 0.44407511400906674,
                "width_eighth_diff": 1.5108369064833345
            },
            "1.7-2MeV": {
                "mu_pos": 0.4750569667007272,
                "mu_pos_err": 0.0016808047644126275,
                "sigma_pos": 0.06000978883722078,
                "sigma_pos_err": 0.0034976031190456715,
                "width_half_diff": 0.42744337762263174,
                "width_quarter_diff": 1.0919230295102902,
                "width_eighth_diff": 1.348661041904021
            }
        },
        "4400.0": {
            ">1MeV": {
                "mu_pos": 0.47008215249644336,
                "mu_pos_err": 0.0018845113093254383,
                "sigma_pos": 0.07700343649632849,
                "sigma_pos_err": 0.003852283270091304,
                "width_half_diff": 0.729423226754421,
                "width_quarter_diff": 1.1681282036985643,
                "width_eighth_diff": 1.3531720348673741
            },
            "1-1.4MeV": {
                "mu_pos": 0.4719715411661462,
                "mu_pos_err": 0.00044222334341563615,
                "sigma_pos": 0.06080785001697974,
                "sigma_pos_err": 0.0015204889448276317,
                "width_half_diff": 0.1490222462295787,
                "width_quarter_diff": 0.5590564621242636,
                "width_eighth_diff": 1.5339477823054732
            },
            "1.7-2MeV": {
                "mu_pos": 0.4705613820482272,
                "mu_pos_err": 0.0022161981774590903,
                "sigma_pos": 0.06094261566373203,
                "sigma_pos_err": 0.007226726156232841,
                "width_half_diff": 0.5440706965378075,
                "width_quarter_diff": 1.1612428250862108,
                "width_eighth_diff": 1.3861060447846911
            }
        },
        "4300.0": {
            ">1MeV": {
                "mu_pos": 0.4650726385102883,
                "mu_pos_err": 6.0694762009181034e-05,
                "sigma_pos": 0.07879564259568585,
                "sigma_pos_err": 0.00021753260552179345,
                "width_half_diff": 0.7556045371322337,
                "width_quarter_diff": 1.1605886664829226,
                "width_eighth_diff": 1.3417055226344021
            },
            "1-1.4MeV": {
                "mu_pos": 0.46600844147493986,
                "mu_pos_err": 0.0032237116944078318,
                "sigma_pos": 0.06789840655876835,
                "sigma_pos_err": 0.002852894481042199,
                "width_half_diff": 0.19091510576115395,
                "width_quarter_diff": 0.6966540104208544,
                "width_eighth_diff": 1.5092589695407148
            },
            "1.7-2MeV": {
                "mu_pos": 0.4606586373790016,
                "mu_pos_err": 0.002979777854938414,
                "sigma_pos": 0.04783473618916744,
                "sigma_pos_err": 0.010443251474972883,
                "width_half_diff": 0.7530274616474938,
                "width_quarter_diff": 1.185997266095199,
                "width_eighth_diff": 1.346959127343596
            }
        },
        "4200.0": {
            ">1MeV": {
                "mu_pos": 0.47493208477304816,
                "mu_pos_err": 0.0005937993811112021,
                "sigma_pos": 0.02043272052801522,
                "sigma_pos_err": 0.0008636543420062757,
                "width_half_diff": 1.536677540665923,
                "width_quarter_diff": 1.5572597048141645,
                "width_eighth_diff": 1.4735465168641548
            },
            "1-1.4MeV": {
                "mu_pos": 0.4597268522242702,
                "mu_pos_err": 0.0021903803975024567,
                "sigma_pos": 0.07295787685200779,
                "sigma_pos_err": 0.0024023151883995693,
                "width_half_diff": 0.16764855998406689,
                "width_quarter_diff": 0.6033424552962592,
                "width_eighth_diff": 1.548340133581049
            },
            "1.7-2MeV": {
                "mu_pos": 0.4751399181314219,
                "mu_pos_err": 0.0025723179957008622,
                "sigma_pos": 0.01808740909477119,
                "sigma_pos_err": 0.0017283929402456865,
                "width_half_diff": 1.5126496155696505,
                "width_quarter_diff": 1.5538952299671176,
                "width_eighth_diff": 1.4701720340691944
            }
        },
        "4000.0": {
            ">1MeV": {
                "mu_pos": 0.45989371597603096,
                "mu_pos_err": 0.00037243912862168656,
                "sigma_pos": 0.028572634365900122,
                "sigma_pos_err": 0.0012874618546266326,
                "width_half_diff": 1.4197054975275112,