{
    "voltages": [
        3500,
        3300,
        3100,
        2900,
        2700,
        2500,
        2300,
        2100,
        1900,
        1600
    ],
    "peak_pos": [
        17736.97,
        17731.97,
        17717.97,
        17724.97,
        17717.89,
        17659.81,
        17582.65,
        17471.41,
        17302.09,
        16898.287
    ],
    "peak_fwhm": [
        2.7869414644493573,
        2.9041019657616767,
        2.9883221121765193,
        3.09011756739121,
        3.1790235972250556,
        3.6203782556457917,
        4.636092614087167,
        6.540972404523121,
        8.35518148229457,
        12.662202272030324
    ],
    "puls_pos": [
        10133.5,
        10131.5,
        10132.5,
        10127.5,
        10101.5,
        10035.5,
        9938.5,
        9773.5,
        9537.5,
        9039.5
    ],
    "rate_discharges": [
        0.0002650827991683314,
        0.00011848033945605854,
        0.0,
        0.0,
        8.500753719838614e-05,
        0.0,
        0.0,
        0.0001259474975929056,
        0.0,
        0.0
    ]
}