{
    "voltages": [
        3200.0,
        3100.0,
        3000.0,
        2900.0,
        2800.0,
        2700.0,
        2500.0,
        2300.0,
        2100.0,
        1900.0
    ],
    "peak_pos": [
        17708.89,
        17712.89,
        17717.89,
        17708.89,
        18669.814,
        17712.89,
        17708.89,
        17701.89,
        17699.89,
        17682.89
    ],
    "peak_fwhm": [
        2.8186081827905842,
        2.824578045004212,
        2.805081252382045,
        2.812543274957851,
        2.844652692576073,
        2.853741441787134,
        2.8857555034332245,
        2.9394745419878134,
        3.011008478106216,
        3.143408049419005
    ],
    "puls_pos": [
        10356.5,
        10356.5,
        10355.5,
        10354.5,
        10357.5,
        10354.5,
        10355.5,
        10355.5,
        10356.5,
        10356.5
    ],
    "rate_discharges": [
        0.0,
        0.0,
        0.0,
        0.0,
        0.0,
        0.0,
        0.0,
        0.0,
        0.0,
        0.0
    ]
}