{
    "voltages": [
        3600.0,
        3400.0,
        3200.0,
        3000.0,
        2800.0,
        2600.0,
        2400.0,
        2200.0,
        2000.0,
        1800.0
    ],
    "peak_pos": [
        19386.258,
        19384.258,
        19364.258,
        19350.178,
        19285.098,
        19193.857,
        19055.617,
        18620.295,
        18686.895,
        15065.601
    ],
    "peak_fwhm": [
        2.6784839438280175,
        2.6914310714953604,
        2.741100398482298,
        2.7747340271374417,
        3.0279649250956964,
        3.276880391108963,
        3.8611851602425364,
        4.571283243110576,
        5.537221182392223,
        7.162929017182187
    ],
    "puls_pos": [
        10521.5,
        10521.5,
        10524.5,
        10528.5,
        10541.5,
        10564.5,
        10588.5,
        10616.5,
        10659.5,
        10704.5
    ],
    "rate_discharges": [
        0.0007952435526701883,
        0.00023695761415262363,
        0.0,
        0.0,
        0.00017001432146494458,
        0.0,
        0.00013109465248367064,
        0.0,
        0.0,
        0.0
    ]
}