{
    "voltages": [
        3900.0,
        3700.0,
        3500.0,
        3300.0,
        3100.0,
        2900.0,
        2700.0,
        2500.0,
        2300.0
    ],
    "peak_pos": [
        17410.33,
        17406.33,
        17396.33,
        17355.25,
        6897.3276,
        16050.6045,
        16602.727,
        16575.646,
        16459.406
    ],
    "peak_fwhm": [
        3.012373349167943,
        2.9848978078692348,
        3.0311636720341557,
        4.5975728560653275,
        3.2259548680700867,
        20.038060341067244,
        13.3012327720656,
        12.642639403413726,
        0.0
    ],
    "puls_pos": [
        10008.5,
        10001.5,
        9994.5,
        9975.5,
        9918.5,
        9479.5,
        2292.5,
        9084.5,
        8907.5
    ],
    "rate_discharges": [
        0.0001325414387590837,
        0.0,
        0.0001257414566611341,
        0.0,
        8.50076311762794e-05,
        0.0,
        0.0,
        0.00012594689220897913,
        0.0
    ]
}