{
    "voltages": [
        3750.0,
        3700.0,
        3600.0,
        3500.0,
        3400.0,
        3300.0,
        3200.0,
        3000.0,
        2800.0
    ],
    "peak_pos":[
        17483.89,
        17565.49,
        19983.459,
        19939.379,
        17342.73,
        19824.139,
        19741.979,
        17330.49,
        19789.059
    ],
    "peak_fwhm": [
        2.872749795861353,
        2.990121751480395,
        3.050025192873758,
        3.2466119724437523,
        3.3217360825966114,
        3.4283654269092403,
        3.777502140830639,
        4.470562446424579,
        5.358355228000532
    ],
    "puls_pos": [
        10356.5,
        10355.5,
        10354.5,
        10353.5,
        10356.5,
        10352.5,
        10353.5,
        10337.5,
        10336.5
    ],
    "rate_discharges": [
        0.0007952429364902736,
        0.00047392133940691564,
        0.0006287046311151028,
        0.00025618122271171546,
        0.00034003129410519086,
        0.000247699412289735,
        0.00039327920267665146,
        0.00012594616948044963,
        0.00012460641681674784
    ]
}