{
    "voltages": [
        4500,
        4300,
        4100,
        3900,
        3700,
        3500,
        3300,
        3100,
        2900,
        2600
    ],
    "peak_pos": [
        16141.765,
        16141.765,
        16137.765,
        15874.283,
        15959.444,
        15834.123,
        15510.5625,
        15349.161,
        15184.841,
        14956.439
    ],
    "peak_fwhm": [
        2.5425394602969984,
        2.5439221956526454,
        2.573426268071913,
        4.734516961332193,
        4.779168704200099,
        6.811366310328575,
        9.515444291194173,
        11.13773840015013,
        12.110924009363757,
        14.227182172525595
    ],
    "puls_pos": [
        10332.5,
        10333.5,
        10331.5,
        10289.5,
        10214.5,
        10083.5,
        9873.5,
        9680.5,
        9485.5,
        9164.5
    ],
    "rate_discharges": [
        0.00013254160278454108,
        0.0,
        0.00012574055307389668,
        0.0,
        0.0,
        0.0,
        0.0,
        0.0,
        0.0,
        0.0
    ]
}