{
    "voltages": [
        3100.0,
        2900.0,
        2700.0,
        2500.0,
        2300.0,
        2100.0,
        1900.0,
        1700.0,
        1500.0,
        1300.0
    ],
    "peak_pos": [ 
        16647.807,
        16916.527,
        16990.01,
        16645.807,
        16793.607,
        16631.727,
        16617.727,
        17280.25,
        16238.566,
        15811.123
    ],
    "peak_fwhm": [
        3.689086287987649,
        3.750203509382938,
        3.8104442319869527,
        3.6795839775561867,
        3.767241149572199,
        3.8177721322673106,
        4.164462017632803,
        11.816938750885503,
        13.946157527152556,
        17.470447434559595
    ],
    "puls_pos": [
        10185.5,
        10183.5,
        10183.5,
        10183.5,
        10180.5,
        10182.5,
        10183.5,
        10174.5,
        10159.5,
        10122.5
    ],
    "rate_discharges": [
        0.0038436828474642973,
        0.000947828153387766,
        0.0008801811488147766,
        0.00025618275718832065,
        0.00017001497174028098,
        0.0,
        0.0,
        0.0,
        0.0,
        0.0
    ]
}