{   
    "voltages": [
        3500,
        3400,
        3300,
        3200,
        3100,
        3000,
        2900,
        2800,
        2600,
        2400
    ],
    "peak_pos": [
        16003.524,
        15998.524,
        15999.524,
        15994.444,
        15976.444,
        15977.444,
        4175.438,
        2551.59,
        15021.5205,
        15231.001
    ],
    "peak_fwhm": [
        2.9548007224918176,
        2.9996411242611924,
        3.1113854218843726,
        3.0300910034099027,
        3.3433305227042456,
        3.1212968391262987,
        55.01314699686634,
        23.832284659713512,
        20.78616193443836,
        13.344200807822801
    ],
    "puls_pos": [
        10452.5,
        10455.5,
        10460.5,
        10467.5,
        10477.5,
        10487.5,
        10511.5,
        10540.5,
        11374.5,
        11743.5
    ],
    "rate_discharges": [
        0.0,
        0.0,
        0.0,
        0.0,
        0.0,
        0.0,
        0.0,
        0.0,
        0.0,
        0.0
    ]
}