{
    "voltages": [
        3700.0,
        3500.0,
        3300.0,
        3100.0,
        2900.0,
        2500.0,
        2300.0,
        1900.0
    ],
    "peak_pos":[
        18636.135,
        18923.375,
        18837.135,
        18718.895,
        17496.49,
        18020.693,
        18716.895,
        17757.05
    ],
    "peak_fwhm": [
        3.688009404138748,
        3.8037001654427405,
        5.087402043472203,
        6.288574655053404,
        6.903218604498092,
        NaN,
        15.398933648025492,
        15.481917290135215
    ],
    "puls_pos": [
        10131.5,
        10133.5,
        10130.5,
        10130.5,
        10127.5,
        9805.5,
        9799.5,
        9698.5
    ],
    "rate_discharges": [
        0.000662700910055761,
        0.0005924022562576873,
        0.0005029619903768863,
        0.0001280933393906641,
        0.0003400287169263712,
        0.0006554843044859461,
        0.0002518943107407782,
        0.0
    ]
}