{
    "voltages": [
        3000.0,
        2900.0,
        2800.0,
        2600.0,
        2400.0,
        2200.0,
        2000.0,
        1800.0,
        1600.0,
        1400.0
    ],
    "peak_pos": [
        17047.607,
        17055.607,
        17050.607,
        17047.607,
        17037.607,
        17044.607,
        16978.447,
        16921.367,
        16828.127,
        16689.887
    ],
    "peak_fwhm": [
        3.624700009660906,
        3.3238033492950185,
        3.4550557944918157,
        3.613495737475106,
        3.6225615360222485,
        3.7894390634794233,
        6.3536382964028775,
        8.068214477431992,
        10.109705616859582,
        13.145300399978574
    ],
    "puls_pos": [
        10381.5,
        10382.5,
        10378.5,
        10379.5,
        10380.5,
        10376.5,
        10354.5,
        10301.5,
        2425.5,
        10162.5
    ],
    "rate_discharges": [
        0.0,
        0.00011848260810051506,
        0.00012574241835151768,
        0.0,
        0.0,
        0.0,
        0.0,
        0.0,
        0.0,
        0.0
    ]
}